split,rmse,rmse,mae,mae,r2,r2
,mean,std,mean,std,mean,std
TEST,0.3779177187367755,0.0021961176101979985,0.1253773912539508,0.0027594509102607852,0.0937130478114056,0.013340758548374455
VAL,0.0998515264262488,0.003456499042341856,0.050316984533383576,0.0029168084333776358,0.4660818607257424,0.04961403048625509
